,plate,selDeptName,selStationName,location
249,EAA-2571,台北區,宜蘭監理站,宜蘭縣五結鄉中正路二段9號一樓
250,EAA-2573,台北區,宜蘭監理站,宜蘭縣五結鄉中正路二段9號一樓
251,EAA-2587,台北區,宜蘭監理站,宜蘭縣五結鄉中正路二段9號一樓
252,EAA-2592,台北區,宜蘭監理站,宜蘭縣五結鄉中正路二段9號一樓
253,EAA-2593,台北區,宜蘭監理站,宜蘭縣五結鄉中正路二段9號一樓
254,EAA-2605,台北區,宜蘭監理站,宜蘭縣五結鄉中正路二段9號一樓
255,EAA-2613,台北區,宜蘭監理站,宜蘭縣五結鄉中正路二段9號一樓
256,EAA-2621,台北區,宜蘭監理站,宜蘭縣五結鄉中正路二段9號一樓
257,EAA-2631,台北區,宜蘭監理站,宜蘭縣五結鄉中正路二段9號一樓
258,EAA-2635,台北區,宜蘭監理站,宜蘭縣五結鄉中正路二段9號一樓
259,EAA-2650,台北區,宜蘭監理站,宜蘭縣五結鄉中正路二段9號一樓
260,EAA-2651,台北區,宜蘭監理站,宜蘭縣五結鄉中正路二段9號一樓
261,EAA-2653,台北區,宜蘭監理站,宜蘭縣五結鄉中正路二段9號一樓
262,EAA-2663,台北區,宜蘭監理站,宜蘭縣五結鄉中正路二段9號一樓
263,EAA-2671,台北區,宜蘭監理站,宜蘭縣五結鄉中正路二段9號一樓
264,EAA-2673,台北區,宜蘭監理站,宜蘭縣五結鄉中正路二段9號一樓
265,EAA-2675,台北區,宜蘭監理站,宜蘭縣五結鄉中正路二段9號一樓
266,EAA-2693,台北區,宜蘭監理站,宜蘭縣五結鄉中正路二段9號一樓
267,EAA-2695,台北區,宜蘭監理站,宜蘭縣五結鄉中正路二段9號一樓
268,EAA-2701,台北區,宜蘭監理站,宜蘭縣五結鄉中正路二段9號一樓
269,EAA-2705,台北區,宜蘭監理站,宜蘭縣五結鄉中正路二段9號一樓
270,EAA-2710,台北區,宜蘭監理站,宜蘭縣五結鄉中正路二段9號一樓
271,EAA-2712,台北區,宜蘭監理站,宜蘭縣五結鄉中正路二段9號一樓
272,EAA-2715,台北區,宜蘭監理站,宜蘭縣五結鄉中正路二段9號一樓
273,EAA-2716,台北區,宜蘭監理站,宜蘭縣五結鄉中正路二段9號一樓
274,EAA-2717,台北區,宜蘭監理站,宜蘭縣五結鄉中正路二段9號一樓
275,EAA-2721,台北區,宜蘭監理站,宜蘭縣五結鄉中正路二段9號一樓
276,EAA-2723,台北區,宜蘭監理站,宜蘭縣五結鄉中正路二段9號一樓
277,EAA-2730,台北區,宜蘭監理站,宜蘭縣五結鄉中正路二段9號一樓
278,EAA-2732,台北區,宜蘭監理站,宜蘭縣五結鄉中正路二段9號一樓
279,EAA-2735,台北區,宜蘭監理站,宜蘭縣五結鄉中正路二段9號一樓
280,EAA-2750,台北區,宜蘭監理站,宜蘭縣五結鄉中正路二段9號一樓
281,EAA-2781,台北區,花蓮監理站,花蓮縣吉安鄉中正路二段152號一樓
282,EAA-2790,台北區,花蓮監理站,花蓮縣吉安鄉中正路二段152號一樓
283,EAA-2792,台北區,花蓮監理站,花蓮縣吉安鄉中正路二段152號一樓
284,EAA-2795,台北區,花蓮監理站,花蓮縣吉安鄉中正路二段152號一樓
285,EAA-2796,台北區,花蓮監理站,花蓮縣吉安鄉中正路二段152號一樓
286,EAA-2802,台北區,花蓮監理站,花蓮縣吉安鄉中正路二段152號一樓
287,EAA-2803,台北區,花蓮監理站,花蓮縣吉安鄉中正路二段152號一樓
288,EAA-2823,台北區,花蓮監理站,花蓮縣吉安鄉中正路二段152號一樓
289,EAA-2831,台北區,花蓮監理站,花蓮縣吉安鄉中正路二段152號一樓
290,EAA-2832,台北區,花蓮監理站,花蓮縣吉安鄉中正路二段152號一樓
291,EAA-2835,台北區,花蓮監理站,花蓮縣吉安鄉中正路二段152號一樓
292,EAA-2850,台北區,花蓮監理站,花蓮縣吉安鄉中正路二段152號一樓
293,EAA-2853,台北區,花蓮監理站,花蓮縣吉安鄉中正路二段152號一樓
294,EAA-2861,台北區,花蓮監理站,花蓮縣吉安鄉中正路二段152號一樓
295,EAA-2863,台北區,花蓮監理站,花蓮縣吉安鄉中正路二段152號一樓
296,EAA-2870,台北區,花蓮監理站,花蓮縣吉安鄉中正路二段152號一樓
297,EAA-2871,台北區,花蓮監理站,花蓮縣吉安鄉中正路二段152號一樓
298,EAA-2873,台北區,花蓮監理站,花蓮縣吉安鄉中正路二段152號一樓
299,EAA-2891,台北區,花蓮監理站,花蓮縣吉安鄉中正路二段152號一樓
300,EAA-2901,台北區,花蓮監理站,花蓮縣吉安鄉中正路二段152號一樓
301,EAA-2903,台北區,花蓮監理站,花蓮縣吉安鄉中正路二段152號一樓
302,EAA-2906,台北區,花蓮監理站,花蓮縣吉安鄉中正路二段152號一樓
303,EAA-2910,台北區,花蓮監理站,花蓮縣吉安鄉中正路二段152號一樓
304,EAA-2912,台北區,花蓮監理站,花蓮縣吉安鄉中正路二段152號一樓
305,EAA-2915,台北區,花蓮監理站,花蓮縣吉安鄉中正路二段152號一樓
306,EAA-2917,台北區,花蓮監理站,花蓮縣吉安鄉中正路二段152號一樓
307,EAA-2921,台北區,花蓮監理站,花蓮縣吉安鄉中正路二段152號一樓
308,EAA-2926,台北區,花蓮監理站,花蓮縣吉安鄉中正路二段152號一樓
309,EAA-2931,台北區,花蓮監理站,花蓮縣吉安鄉中正路二段152號一樓
310,EAA-2932,台北區,花蓮監理站,花蓮縣吉安鄉中正路二段152號一樓
311,EAA-2935,台北區,花蓮監理站,花蓮縣吉安鄉中正路二段152號一樓
312,EAA-2936,台北區,花蓮監理站,花蓮縣吉安鄉中正路二段152號一樓
313,EAA-2937,台北區,花蓮監理站,花蓮縣吉安鄉中正路二段152號一樓
314,EAA-2938,台北區,花蓮監理站,花蓮縣吉安鄉中正路二段152號一樓
315,EAA-2950,台北區,花蓮監理站,花蓮縣吉安鄉中正路二段152號一樓
316,EAA-2951,台北區,花蓮監理站,花蓮縣吉安鄉中正路二段152號一樓
317,EAA-2952,台北區,花蓮監理站,花蓮縣吉安鄉中正路二段152號一樓
318,EAA-2956,台北區,花蓮監理站,花蓮縣吉安鄉中正路二段152號一樓
319,EAA-2960,台北區,花蓮監理站,花蓮縣吉安鄉中正路二段152號一樓
320,EAA-2961,台北區,花蓮監理站,花蓮縣吉安鄉中正路二段152號一樓
321,EAA-2962,台北區,花蓮監理站,花蓮縣吉安鄉中正路二段152號一樓
322,EAA-2963,台北區,花蓮監理站,花蓮縣吉安鄉中正路二段152號一樓
323,EAA-2965,台北區,花蓮監理站,花蓮縣吉安鄉中正路二段152號一樓
324,EAA-2967,台北區,花蓮監理站,花蓮縣吉安鄉中正路二段152號一樓
325,EAA-2970,台北區,花蓮監理站,花蓮縣吉安鄉中正路二段152號一樓
326,EAA-2971,台北區,花蓮監理站,花蓮縣吉安鄉中正路二段152號一樓
327,EAA-2972,台北區,花蓮監理站,花蓮縣吉安鄉中正路二段152號一樓
328,EAA-2973,台北區,花蓮監理站,花蓮縣吉安鄉中正路二段152號一樓
329,EAA-2975,台北區,花蓮監理站,花蓮縣吉安鄉中正路二段152號一樓
330,EAA-2976,台北區,花蓮監理站,花蓮縣吉安鄉中正路二段152號一樓
350,EAA-3157,新竹區,新竹區監理所,新竹縣新埔鎮文德路三段58號
461,EAA-3817,新竹區,中壢監理站,桃園市中壢區延平路394號
462,EAA-3821,新竹區,中壢監理站,桃園市中壢區延平路394號
463,EAA-3830,新竹區,中壢監理站,桃園市中壢區延平路394號
464,EAA-3831,新竹區,中壢監理站,桃園市中壢區延平路394號
465,EAA-3832,新竹區,中壢監理站,桃園市中壢區延平路394號
466,EAA-3850,新竹區,中壢監理站,桃園市中壢區延平路394號
467,EAA-3852,新竹區,中壢監理站,桃園市中壢區延平路394號
468,EAA-3873,新竹區,中壢監理站,桃園市中壢區延平路394號
524,EAA-6235,台中區,彰化監理站,彰化縣花壇鄉南口村中山路2段457號1樓
525,EAA-6237,台中區,彰化監理站,彰化縣花壇鄉南口村中山路2段457號1樓
526,EAA-6251,台中區,彰化監理站,彰化縣花壇鄉南口村中山路2段457號1樓
527,EAA-6252,台中區,彰化監理站,彰化縣花壇鄉南口村中山路2段457號1樓
528,EAA-6253,台中區,彰化監理站,彰化縣花壇鄉南口村中山路2段457號1樓
529,EAA-6269,台中區,彰化監理站,彰化縣花壇鄉南口村中山路2段457號1樓
530,EAA-6270,台中區,彰化監理站,彰化縣花壇鄉南口村中山路2段457號1樓
531,EAA-6272,台中區,彰化監理站,彰化縣花壇鄉南口村中山路2段457號1樓
532,EAA-6273,台中區,彰化監理站,彰化縣花壇鄉南口村中山路2段457號1樓
533,EAA-6276,台中區,彰化監理站,彰化縣花壇鄉南口村中山路2段457號1樓
534,EAA-6715,台中區,南投監理站,南投縣南投市光明一路301號
535,EAA-6773,台中區,南投監理站,南投縣南投市光明一路301號
536,EAA-6781,台中區,南投監理站,南投縣南投市光明一路301號
537,EAA-6790,台中區,南投監理站,南投縣南投市光明一路301號
538,EAA-6792,台中區,南投監理站,南投縣南投市光明一路301號
539,EAA-6817,台中區,南投監理站,南投縣南投市光明一路301號
540,EAA-6823,台中區,南投監理站,南投縣南投市光明一路301號
541,EAA-6829,台中區,南投監理站,南投縣南投市光明一路301號
542,EAA-6830,台中區,南投監理站,南投縣南投市光明一路301號
543,EAA-6831,台中區,南投監理站,南投縣南投市光明一路301號
544,EAA-7036,嘉義區,嘉義區監理所,嘉義縣朴子市朴子七路29號
545,EAA-7051,嘉義區,嘉義區監理所,嘉義縣朴子市朴子七路29號
546,EAA-7052,嘉義區,嘉義區監理所,嘉義縣朴子市朴子七路29號
634,EAA-7075,嘉義區,麻豆監理站,臺南市麻豆區新生北路551號
635,EAA-7076,嘉義區,麻豆監理站,臺南市麻豆區新生北路551號
636,EAA-7081,嘉義區,麻豆監理站,臺南市麻豆區新生北路551號
637,EAA-7091,嘉義區,麻豆監理站,臺南市麻豆區新生北路551號
638,EAA-7092,嘉義區,麻豆監理站,臺南市麻豆區新生北路551號
639,EAA-7093,嘉義區,麻豆監理站,臺南市麻豆區新生北路551號
640,EAA-7095,嘉義區,麻豆監理站,臺南市麻豆區新生北路551號
699,EAA-7173,嘉義區,嘉義市監理站,嘉義市東區保建街89號
700,EAA-7175,嘉義區,嘉義市監理站,嘉義市東區保建街89號
701,EAA-7180,嘉義區,嘉義市監理站,嘉義市東區保建街89號
702,EAA-7182,嘉義區,嘉義市監理站,嘉義市東區保建街89號
703,EAA-7183,嘉義區,嘉義市監理站,嘉義市東區保建街89號
704,EAA-7190,嘉義區,嘉義市監理站,嘉義市東區保建街89號
705,EAA-7193,嘉義區,嘉義市監理站,嘉義市東區保建街89號
706,EAA-7195,嘉義區,嘉義市監理站,嘉義市東區保建街89號
707,EAA-7196,嘉義區,嘉義市監理站,嘉義市東區保建街89號
708,EAA-7197,嘉義區,嘉義市監理站,嘉義市東區保建街89號
759,EAA-7601,高雄區,屏東監理站,屏東縣屏東市忠孝路222號
760,EAA-7602,高雄區,屏東監理站,屏東縣屏東市忠孝路222號
761,EAA-7603,高雄區,屏東監理站,屏東縣屏東市忠孝路222號
762,EAA-7605,高雄區,屏東監理站,屏東縣屏東市忠孝路222號
763,EAA-7606,高雄區,屏東監理站,屏東縣屏東市忠孝路222號
764,EAA-7607,高雄區,屏東監理站,屏東縣屏東市忠孝路222號
765,EAA-7608,高雄區,屏東監理站,屏東縣屏東市忠孝路222號
766,EAA-7609,高雄區,屏東監理站,屏東縣屏東市忠孝路222號
767,EAA-7610,高雄區,屏東監理站,屏東縣屏東市忠孝路222號
768,EAA-7611,高雄區,屏東監理站,屏東縣屏東市忠孝路222號
769,EAA-7612,高雄區,屏東監理站,屏東縣屏東市忠孝路222號
770,EAA-7613,高雄區,屏東監理站,屏東縣屏東市忠孝路222號
771,EAA-7615,高雄區,屏東監理站,屏東縣屏東市忠孝路222號
772,EAA-7616,高雄區,屏東監理站,屏東縣屏東市忠孝路222號
773,EAA-7620,高雄區,屏東監理站,屏東縣屏東市忠孝路222號
774,EAA-7621,高雄區,屏東監理站,屏東縣屏東市忠孝路222號
775,EAA-7623,高雄區,屏東監理站,屏東縣屏東市忠孝路222號
776,EAA-7625,高雄區,屏東監理站,屏東縣屏東市忠孝路222號
777,EAA-7627,高雄區,屏東監理站,屏東縣屏東市忠孝路222號
778,EAA-7629,高雄區,屏東監理站,屏東縣屏東市忠孝路222號
779,EAA-7630,高雄區,屏東監理站,屏東縣屏東市忠孝路222號
780,EAA-7631,高雄區,屏東監理站,屏東縣屏東市忠孝路222號
781,EAA-7632,高雄區,屏東監理站,屏東縣屏東市忠孝路222號
782,EAA-7633,高雄區,屏東監理站,屏東縣屏東市忠孝路222號
783,EAA-7635,高雄區,屏東監理站,屏東縣屏東市忠孝路222號
784,EAA-7636,高雄區,屏東監理站,屏東縣屏東市忠孝路222號
785,EAA-7638,高雄區,屏東監理站,屏東縣屏東市忠孝路222號
786,EAA-7639,高雄區,屏東監理站,屏東縣屏東市忠孝路222號
787,EAA-7650,高雄區,屏東監理站,屏東縣屏東市忠孝路222號
788,EAA-7651,高雄區,屏東監理站,屏東縣屏東市忠孝路222號
789,EAA-7652,高雄區,屏東監理站,屏東縣屏東市忠孝路222號
790,EAA-7653,高雄區,屏東監理站,屏東縣屏東市忠孝路222號
791,EAA-7655,高雄區,屏東監理站,屏東縣屏東市忠孝路222號
554,EAA-7835,嘉義區,雲林監理站,雲林縣斗六市雲林路二段411號
555,EAA-7839,嘉義區,雲林監理站,雲林縣斗六市雲林路二段411號
556,EAA-7850,嘉義區,雲林監理站,雲林縣斗六市雲林路二段411號
557,EAA-7853,嘉義區,雲林監理站,雲林縣斗六市雲林路二段411號
558,EAA-7861,嘉義區,雲林監理站,雲林縣斗六市雲林路二段411號
559,EAA-7863,嘉義區,雲林監理站,雲林縣斗六市雲林路二段411號
560,EAA-7870,嘉義區,雲林監理站,雲林縣斗六市雲林路二段411號
561,EAA-7873,嘉義區,雲林監理站,雲林縣斗六市雲林路二段411號
562,EAA-7875,嘉義區,雲林監理站,雲林縣斗六市雲林路二段411號
563,EAA-7893,嘉義區,雲林監理站,雲林縣斗六市雲林路二段411號
574,EAA-7901,嘉義區,新營監理站,臺南市新營區大同路55號
575,EAA-7902,嘉義區,新營監理站,臺南市新營區大同路55號
576,EAA-7903,嘉義區,新營監理站,臺南市新營區大同路55號
577,EAA-7905,嘉義區,新營監理站,臺南市新營區大同路55號
578,EAA-7906,嘉義區,新營監理站,臺南市新營區大同路55號
579,EAA-7910,嘉義區,新營監理站,臺南市新營區大同路55號
580,EAA-7912,嘉義區,新營監理站,臺南市新營區大同路55號
581,EAA-7913,嘉義區,新營監理站,臺南市新營區大同路55號
582,EAA-7915,嘉義區,新營監理站,臺南市新營區大同路55號
583,EAA-7916,嘉義區,新營監理站,臺南市新營區大同路55號
797,EAA-8203,高雄區,澎湖監理站,澎湖縣馬公市光華里121號
798,EAA-8217,高雄區,澎湖監理站,澎湖縣馬公市光華里121號
799,EAA-8221,高雄區,澎湖監理站,澎湖縣馬公市光華里121號
800,EAA-8231,高雄區,澎湖監理站,澎湖縣馬公市光華里121號
801,EAA-8235,高雄區,澎湖監理站,澎湖縣馬公市光華里121號
802,EAA-8253,高雄區,澎湖監理站,澎湖縣馬公市光華里121號
803,EAA-8256,高雄區,澎湖監理站,澎湖縣馬公市光華里121號
804,EAA-8257,高雄區,澎湖監理站,澎湖縣馬公市光華里121號
805,EAA-8260,高雄區,澎湖監理站,澎湖縣馬公市光華里121號
806,EAA-8261,高雄區,澎湖監理站,澎湖縣馬公市光華里121號
807,EAA-8262,高雄區,澎湖監理站,澎湖縣馬公市光華里121號
808,EAA-8263,高雄區,澎湖監理站,澎湖縣馬公市光華里121號
809,EAA-8269,高雄區,澎湖監理站,澎湖縣馬公市光華里121號
810,EAA-8270,高雄區,澎湖監理站,澎湖縣馬公市光華里121號
811,EAA-8271,高雄區,澎湖監理站,澎湖縣馬公市光華里121號
812,EAA-8272,高雄區,澎湖監理站,澎湖縣馬公市光華里121號
813,EAA-8273,高雄區,澎湖監理站,澎湖縣馬公市光華里121號
814,EAA-8275,高雄區,澎湖監理站,澎湖縣馬公市光華里121號
815,EAA-8276,高雄區,澎湖監理站,澎湖縣馬公市光華里121號
816,EAA-8279,高雄區,澎湖監理站,澎湖縣馬公市光華里121號
792,EAA-8372,高雄區,屏東監理站,屏東縣屏東市忠孝路222號
793,EAA-8391,高雄區,屏東監理站,屏東縣屏東市忠孝路222號
739,EAA-8702,高雄區,台東監理站,台東縣台東市正氣北路441號
740,EAA-8703,高雄區,台東監理站,台東縣台東市正氣北路441號
741,EAA-8705,高雄區,台東監理站,台東縣台東市正氣北路441號
742,EAA-8706,高雄區,台東監理站,台東縣台東市正氣北路441號
743,EAA-8710,高雄區,台東監理站,台東縣台東市正氣北路441號
744,EAA-8712,高雄區,台東監理站,台東縣台東市正氣北路441號
745,EAA-8721,高雄區,台東監理站,台東縣台東市正氣北路441號
746,EAA-8723,高雄區,台東監理站,台東縣台東市正氣北路441號
747,EAA-8730,高雄區,台東監理站,台東縣台東市正氣北路441號
748,EAA-8731,高雄區,台東監理站,台東縣台東市正氣北路441號
749,EAA-8732,高雄區,台東監理站,台東縣台東市正氣北路441號
750,EAA-8735,高雄區,台東監理站,台東縣台東市正氣北路441號
751,EAA-8736,高雄區,台東監理站,台東縣台東市正氣北路441號
752,EAA-8750,高雄區,台東監理站,台東縣台東市正氣北路441號
753,EAA-8751,高雄區,台東監理站,台東縣台東市正氣北路441號
754,EAA-8752,高雄區,台東監理站,台東縣台東市正氣北路441號
755,EAA-8761,高雄區,台東監理站,台東縣台東市正氣北路441號
756,EAA-8763,高雄區,台東監理站,台東縣台東市正氣北路441號
757,EAA-8773,高雄區,台東監理站,台東縣台東市正氣北路441號
758,EAA-8792,高雄區,台東監理站,台東縣台東市正氣北路441號
794,EAA-8932,高雄區,恆春監理分站,屏東縣恆春鎮草埔路11號
795,EAA-8952,高雄區,恆春監理分站,屏東縣恆春鎮草埔路11號
796,EAA-8953,高雄區,恆春監理分站,屏東縣恆春鎮草埔路11號
209,EAA-9501,高雄市,旗山監理站,高雄市旗山區旗文路123-1號
210,EAA-9502,高雄市,旗山監理站,高雄市旗山區旗文路123-1號
211,EAA-9503,高雄市,旗山監理站,高雄市旗山區旗文路123-1號
212,EAA-9506,高雄市,旗山監理站,高雄市旗山區旗文路123-1號
213,EAA-9510,高雄市,旗山監理站,高雄市旗山區旗文路123-1號
214,EAA-9512,高雄市,旗山監理站,高雄市旗山區旗文路123-1號
215,EAA-9513,高雄市,旗山監理站,高雄市旗山區旗文路123-1號
216,EAA-9515,高雄市,旗山監理站,高雄市旗山區旗文路123-1號
217,EAA-9516,高雄市,旗山監理站,高雄市旗山區旗文路123-1號
218,EAA-9517,高雄市,旗山監理站,高雄市旗山區旗文路123-1號
219,EAA-9521,高雄市,旗山監理站,高雄市旗山區旗文路123-1號
220,EAA-9522,高雄市,旗山監理站,高雄市旗山區旗文路123-1號
221,EAA-9523,高雄市,旗山監理站,高雄市旗山區旗文路123-1號
222,EAA-9525,高雄市,旗山監理站,高雄市旗山區旗文路123-1號
223,EAA-9526,高雄市,旗山監理站,高雄市旗山區旗文路123-1號
224,EAA-9530,高雄市,旗山監理站,高雄市旗山區旗文路123-1號
225,EAA-9532,高雄市,旗山監理站,高雄市旗山區旗文路123-1號
226,EAA-9535,高雄市,旗山監理站,高雄市旗山區旗文路123-1號
227,EAA-9537,高雄市,旗山監理站,高雄市旗山區旗文路123-1號
228,EAA-9538,高雄市,旗山監理站,高雄市旗山區旗文路123-1號
229,EAB-6903,台北區,台北區監理所,新北市樹林區中正路248巷7號B棟1樓
230,EAB-6907,台北區,台北區監理所,新北市樹林區中正路248巷7號B棟1樓
231,EAB-6920,台北區,台北區監理所,新北市樹林區中正路248巷7號B棟1樓
232,EAB-6921,台北區,台北區監理所,新北市樹林區中正路248巷7號B棟1樓
233,EAB-6925,台北區,台北區監理所,新北市樹林區中正路248巷7號B棟1樓
234,EAB-6927,台北區,台北區監理所,新北市樹林區中正路248巷7號B棟1樓
235,EAB-6930,台北區,台北區監理所,新北市樹林區中正路248巷7號B棟1樓
236,EAB-6931,台北區,台北區監理所,新北市樹林區中正路248巷7號B棟1樓
237,EAB-6932,台北區,台北區監理所,新北市樹林區中正路248巷7號B棟1樓
238,EAB-6935,台北區,台北區監理所,新北市樹林區中正路248巷7號B棟1樓
239,EAB-6937,台北區,台北區監理所,新北市樹林區中正路248巷7號B棟1樓
240,EAB-6950,台北區,台北區監理所,新北市樹林區中正路248巷7號B棟1樓
241,EAB-6951,台北區,台北區監理所,新北市樹林區中正路248巷7號B棟1樓
242,EAB-6952,台北區,台北區監理所,新北市樹林區中正路248巷7號B棟1樓
243,EAB-6953,台北區,台北區監理所,新北市樹林區中正路248巷7號B棟1樓
244,EAB-6955,台北區,台北區監理所,新北市樹林區中正路248巷7號B棟1樓
245,EAB-6962,台北區,台北區監理所,新北市樹林區中正路248巷7號B棟1樓
246,EAB-6963,台北區,台北區監理所,新北市樹林區中正路248巷7號B棟1樓
247,EAB-6965,台北區,台北區監理所,新北市樹林區中正路248巷7號B棟1樓
248,EAB-6967,台北區,台北區監理所,新北市樹林區中正路248巷7號B棟1樓
641,EAB-7021,嘉義區,麻豆監理站,臺南市麻豆區新生北路551號
642,EAB-7023,嘉義區,麻豆監理站,臺南市麻豆區新生北路551號
643,EAB-7035,嘉義區,麻豆監理站,臺南市麻豆區新生北路551號
644,EAB-7061,嘉義區,麻豆監理站,臺南市麻豆區新生北路551號
645,EAB-7063,嘉義區,麻豆監理站,臺南市麻豆區新生北路551號
646,EAB-7076,嘉義區,麻豆監理站,臺南市麻豆區新生北路551號
647,EAB-7083,嘉義區,麻豆監理站,臺南市麻豆區新生北路551號
648,EAB-7091,嘉義區,麻豆監理站,臺南市麻豆區新生北路551號
649,EAB-7092,嘉義區,麻豆監理站,臺南市麻豆區新生北路551號
650,EAB-7093,嘉義區,麻豆監理站,臺南市麻豆區新生北路551號
651,EAB-7095,嘉義區,麻豆監理站,臺南市麻豆區新生北路551號
652,EAB-7103,嘉義區,麻豆監理站,臺南市麻豆區新生北路551號
653,EAB-7105,嘉義區,麻豆監理站,臺南市麻豆區新生北路551號
654,EAB-7112,嘉義區,麻豆監理站,臺南市麻豆區新生北路551號
655,EAB-7115,嘉義區,麻豆監理站,臺南市麻豆區新生北路551號
656,EAB-7131,嘉義區,麻豆監理站,臺南市麻豆區新生北路551號
657,EAB-7132,嘉義區,麻豆監理站,臺南市麻豆區新生北路551號
658,EAB-7139,嘉義區,麻豆監理站,臺南市麻豆區新生北路551號
659,EAB-7152,嘉義區,麻豆監理站,臺南市麻豆區新生北路551號
660,EAB-7162,嘉義區,麻豆監理站,臺南市麻豆區新生北路551號
661,EAB-7163,嘉義區,麻豆監理站,臺南市麻豆區新生北路551號
662,EAB-7165,嘉義區,麻豆監理站,臺南市麻豆區新生北路551號
663,EAB-7173,嘉義區,麻豆監理站,臺南市麻豆區新生北路551號
664,EAB-7175,嘉義區,麻豆監理站,臺南市麻豆區新生北路551號
665,EAB-7183,嘉義區,麻豆監理站,臺南市麻豆區新生北路551號
666,EAB-7192,嘉義區,麻豆監理站,臺南市麻豆區新生北路551號
667,EAB-7193,嘉義區,麻豆監理站,臺南市麻豆區新生北路551號
547,EAB-7371,嘉義區,嘉義區監理所,嘉義縣朴子市朴子七路29號
548,EAB-7375,嘉義區,嘉義區監理所,嘉義縣朴子市朴子七路29號
549,EAB-7381,嘉義區,嘉義區監理所,嘉義縣朴子市朴子七路29號
550,EAB-7382,嘉義區,嘉義區監理所,嘉義縣朴子市朴子七路29號
551,EAB-7385,嘉義區,嘉義區監理所,嘉義縣朴子市朴子七路29號
552,EAB-7386,嘉義區,嘉義區監理所,嘉義縣朴子市朴子七路29號
553,EAB-7387,嘉義區,嘉義區監理所,嘉義縣朴子市朴子七路29號
668,EAB-7502,嘉義區,麻豆監理站,臺南市麻豆區新生北路551號
669,EAB-7531,嘉義區,麻豆監理站,臺南市麻豆區新生北路551號
670,EAB-7532,嘉義區,麻豆監理站,臺南市麻豆區新生北路551號
671,EAB-7563,嘉義區,麻豆監理站,臺南市麻豆區新生北路551號
672,EAB-7632,嘉義區,麻豆監理站,臺南市麻豆區新生北路551號
673,EAB-7651,嘉義區,麻豆監理站,臺南市麻豆區新生北路551號
674,EAB-7692,嘉義區,麻豆監理站,臺南市麻豆區新生北路551號
331,EAB-9021,新竹區,新竹區監理所,新竹縣新埔鎮文德路三段58號
332,EAB-9031,新竹區,新竹區監理所,新竹縣新埔鎮文德路三段58號
333,EAB-9037,新竹區,新竹區監理所,新竹縣新埔鎮文德路三段58號
334,EAB-9051,新竹區,新竹區監理所,新竹縣新埔鎮文德路三段58號
335,EAB-9062,新竹區,新竹區監理所,新竹縣新埔鎮文德路三段58號
336,EAB-9065,新竹區,新竹區監理所,新竹縣新埔鎮文德路三段58號
337,EAB-9073,新竹區,新竹區監理所,新竹縣新埔鎮文德路三段58號
338,EAB-9075,新竹區,新竹區監理所,新竹縣新埔鎮文德路三段58號
339,EAB-9083,新竹區,新竹區監理所,新竹縣新埔鎮文德路三段58號
340,EAB-9103,新竹區,新竹區監理所,新竹縣新埔鎮文德路三段58號
341,EAB-9127,新竹區,新竹區監理所,新竹縣新埔鎮文德路三段58號
342,EAB-9130,新竹區,新竹區監理所,新竹縣新埔鎮文德路三段58號
343,EAB-9132,新竹區,新竹區監理所,新竹縣新埔鎮文德路三段58號
344,EAB-9137,新竹區,新竹區監理所,新竹縣新埔鎮文德路三段58號
345,EAB-9150,新竹區,新竹區監理所,新竹縣新埔鎮文德路三段58號
346,EAB-9151,新竹區,新竹區監理所,新竹縣新埔鎮文德路三段58號
347,EAB-9152,新竹區,新竹區監理所,新竹縣新埔鎮文德路三段58號
348,EAB-9153,新竹區,新竹區監理所,新竹縣新埔鎮文德路三段58號
349,EAB-9156,新竹區,新竹區監理所,新竹縣新埔鎮文德路三段58號
451,EAB-9683,新竹區,桃園監理站,桃園市桃園區介壽路416號
452,EAB-9701,新竹區,桃園監理站,桃園市桃園區介壽路416號
453,EAB-9702,新竹區,桃園監理站,桃園市桃園區介壽路416號
454,EAB-9703,新竹區,桃園監理站,桃園市桃園區介壽路416號
455,EAB-9705,新竹區,桃園監理站,桃園市桃園區介壽路416號
456,EAB-9706,新竹區,桃園監理站,桃園市桃園區介壽路416號
457,EAB-9707,新竹區,桃園監理站,桃園市桃園區介壽路416號
458,EAB-9708,新竹區,桃園監理站,桃園市桃園區介壽路416號
459,EAB-9710,新竹區,桃園監理站,桃園市桃園區介壽路416號
460,EAB-9712,新竹區,桃園監理站,桃園市桃園區介壽路416號
120,EAC-0793,台北市,基隆監理站,基隆市七堵區實踐路296號一樓
156,EAC-5102,台北市,金門監理站,金門縣金湖鎮黃海路6之1號
157,EAC-5103,台北市,金門監理站,金門縣金湖鎮黃海路6之1號
158,EAC-5105,台北市,金門監理站,金門縣金湖鎮黃海路6之1號
159,EAC-5106,台北市,金門監理站,金門縣金湖鎮黃海路6之1號
160,EAC-5107,台北市,金門監理站,金門縣金湖鎮黃海路6之1號
161,EAC-5108,台北市,金門監理站,金門縣金湖鎮黃海路6之1號
162,EAC-5109,台北市,金門監理站,金門縣金湖鎮黃海路6之1號
163,EAC-5112,台北市,金門監理站,金門縣金湖鎮黃海路6之1號
164,EAC-5116,台北市,金門監理站,金門縣金湖鎮黃海路6之1號
165,EAC-5117,台北市,金門監理站,金門縣金湖鎮黃海路6之1號
166,EAC-5120,台北市,金門監理站,金門縣金湖鎮黃海路6之1號
167,EAC-5121,台北市,金門監理站,金門縣金湖鎮黃海路6之1號
168,EAC-5122,台北市,金門監理站,金門縣金湖鎮黃海路6之1號
169,EAC-5126,台北市,金門監理站,金門縣金湖鎮黃海路6之1號
170,EAC-5127,台北市,金門監理站,金門縣金湖鎮黃海路6之1號
171,EAC-5129,台北市,金門監理站,金門縣金湖鎮黃海路6之1號
172,EAC-5130,台北市,金門監理站,金門縣金湖鎮黃海路6之1號
173,EAC-5132,台北市,金門監理站,金門縣金湖鎮黃海路6之1號
174,EAC-5133,台北市,金門監理站,金門縣金湖鎮黃海路6之1號
175,EAC-5135,台北市,金門監理站,金門縣金湖鎮黃海路6之1號
176,EAC-5136,台北市,金門監理站,金門縣金湖鎮黃海路6之1號
177,EAC-5137,台北市,金門監理站,金門縣金湖鎮黃海路6之1號
178,EAC-5139,台北市,金門監理站,金門縣金湖鎮黃海路6之1號
489,EAC-6735,台中區,台中區監理所,台中市大肚區遊園路一段2號
490,EAC-6751,台中區,台中區監理所,台中市大肚區遊園路一段2號
491,EAC-6753,台中區,台中區監理所,台中市大肚區遊園路一段2號
492,EAC-6761,台中區,台中區監理所,台中市大肚區遊園路一段2號
493,EAC-6762,台中區,台中區監理所,台中市大肚區遊園路一段2號
494,EAC-6763,台中區,台中區監理所,台中市大肚區遊園路一段2號
495,EAC-6771,台中區,台中區監理所,台中市大肚區遊園路一段2號
496,EAC-6772,台中區,台中區監理所,台中市大肚區遊園路一段2號
497,EAC-6775,台中區,台中區監理所,台中市大肚區遊園路一段2號
498,EAC-6781,台中區,台中區監理所,台中市大肚區遊園路一段2號
499,EAC-6782,台中區,台中區監理所,台中市大肚區遊園路一段2號
500,EAC-6783,台中區,台中區監理所,台中市大肚區遊園路一段2號
501,EAC-6787,台中區,台中區監理所,台中市大肚區遊園路一段2號
502,EAC-6790,台中區,台中區監理所,台中市大肚區遊園路一段2號
503,EAC-6792,台中區,台中區監理所,台中市大肚區遊園路一段2號
504,EAC-6793,台中區,台中區監理所,台中市大肚區遊園路一段2號
505,EAC-6795,台中區,台中區監理所,台中市大肚區遊園路一段2號
506,EAC-6797,台中區,台中區監理所,台中市大肚區遊園路一段2號
507,EAC-6802,台中區,台中區監理所,台中市大肚區遊園路一段2號
508,EAC-6805,台中區,台中區監理所,台中市大肚區遊園路一段2號
509,EAC-6807,台中區,台中區監理所,台中市大肚區遊園路一段2號
510,EAC-6812,台中區,台中區監理所,台中市大肚區遊園路一段2號
511,EAC-6813,台中區,台中區監理所,台中市大肚區遊園路一段2號
512,EAC-6815,台中區,台中區監理所,台中市大肚區遊園路一段2號
513,EAC-6816,台中區,台中區監理所,台中市大肚區遊園路一段2號
514,EAC-9061,台中區,豐原監理站,台中市豐原區豐東路120號
515,EAC-9062,台中區,豐原監理站,台中市豐原區豐東路120號
516,EAC-9063,台中區,豐原監理站,台中市豐原區豐東路120號
517,EAC-9065,台中區,豐原監理站,台中市豐原區豐東路120號
518,EAC-9067,台中區,豐原監理站,台中市豐原區豐東路120號
519,EAC-9070,台中區,豐原監理站,台中市豐原區豐東路120號
520,EAC-9071,台中區,豐原監理站,台中市豐原區豐東路120號
521,EAC-9073,台中區,豐原監理站,台中市豐原區豐東路120號
522,EAC-9075,台中區,豐原監理站,台中市豐原區豐東路120號
523,EAC-9076,台中區,豐原監理站,台中市豐原區豐東路120號
100,EAD-0352,台北市,士林監理站,台北市士林區承德路5段80號
101,EAD-0361,台北市,士林監理站,台北市士林區承德路5段80號
102,EAD-0362,台北市,士林監理站,台北市士林區承德路5段80號
103,EAD-0363,台北市,士林監理站,台北市士林區承德路5段80號
104,EAD-0370,台北市,士林監理站,台北市士林區承德路5段80號
105,EAD-0371,台北市,士林監理站,台北市士林區承德路5段80號
106,EAD-0372,台北市,士林監理站,台北市士林區承德路5段80號
107,EAD-0373,台北市,士林監理站,台北市士林區承德路5段80號
108,EAD-0376,台北市,士林監理站,台北市士林區承德路5段80號
109,EAD-0381,台北市,士林監理站,台北市士林區承德路5段80號
110,EAD-0387,台北市,士林監理站,台北市士林區承德路5段80號
111,EAD-0390,台北市,士林監理站,台北市士林區承德路5段80號
112,EAD-0392,台北市,士林監理站,台北市士林區承德路5段80號
113,EAD-0393,台北市,士林監理站,台北市士林區承德路5段80號
114,EAD-0395,台北市,士林監理站,台北市士林區承德路5段80號
115,EAD-0397,台北市,士林監理站,台北市士林區承德路5段80號
116,EAD-0501,台北市,士林監理站,台北市士林區承德路5段80號
117,EAD-0503,台北市,士林監理站,台北市士林區承德路5段80號
118,EAD-0506,台北市,士林監理站,台北市士林區承德路5段80號
119,EAD-0507,台北市,士林監理站,台北市士林區承德路5段80號
121,EAD-0632,台北市,基隆監理站,基隆市七堵區實踐路296號一樓
122,EAD-0635,台北市,基隆監理站,基隆市七堵區實踐路296號一樓
123,EAD-0637,台北市,基隆監理站,基隆市七堵區實踐路296號一樓
124,EAD-0651,台北市,基隆監理站,基隆市七堵區實踐路296號一樓
125,EAD-0652,台北市,基隆監理站,基隆市七堵區實踐路296號一樓
126,EAD-0653,台北市,基隆監理站,基隆市七堵區實踐路296號一樓
127,EAD-0673,台北市,基隆監理站,基隆市七堵區實踐路296號一樓
128,EAD-0675,台北市,基隆監理站,基隆市七堵區實踐路296號一樓
129,EAD-0683,台北市,基隆監理站,基隆市七堵區實踐路296號一樓
130,EAD-0697,台北市,基隆監理站,基隆市七堵區實踐路296號一樓
131,EAD-0732,台北市,基隆監理站,基隆市七堵區實踐路296號一樓
132,EAD-0736,台北市,基隆監理站,基隆市七堵區實踐路296號一樓
133,EAD-0739,台北市,基隆監理站,基隆市七堵區實踐路296號一樓
134,EAD-0751,台北市,基隆監理站,基隆市七堵區實踐路296號一樓
135,EAD-0752,台北市,基隆監理站,基隆市七堵區實踐路296號一樓
136,EAD-0756,台北市,基隆監理站,基隆市七堵區實踐路296號一樓
137,EAD-0761,台北市,基隆監理站,基隆市七堵區實踐路296號一樓
138,EAD-0763,台北市,基隆監理站,基隆市七堵區實踐路296號一樓
139,EAD-0765,台北市,基隆監理站,基隆市七堵區實踐路296號一樓
140,EAD-0781,台北市,基隆監理站,基隆市七堵區實踐路296號一樓
141,EAD-0782,台北市,基隆監理站,基隆市七堵區實踐路296號一樓
142,EAD-0785,台北市,基隆監理站,基隆市七堵區實踐路296號一樓
143,EAD-0791,台北市,基隆監理站,基隆市七堵區實踐路296號一樓
144,EAD-0793,台北市,基隆監理站,基隆市七堵區實踐路296號一樓
145,EAD-0861,台北市,基隆監理站,基隆市七堵區實踐路296號一樓
146,EAD-0863,台北市,基隆監理站,基隆市七堵區實踐路296號一樓
147,EAD-0871,台北市,基隆監理站,基隆市七堵區實踐路296號一樓
148,EAD-0875,台北市,基隆監理站,基隆市七堵區實踐路296號一樓
149,EAD-0932,台北市,基隆監理站,基隆市七堵區實踐路296號一樓
150,EAD-0951,台北市,基隆監理站,基隆市七堵區實踐路296號一樓
151,EAD-0956,台北市,基隆監理站,基隆市七堵區實踐路296號一樓
152,EAD-0961,台北市,基隆監理站,基隆市七堵區實踐路296號一樓
153,EAD-0967,台北市,基隆監理站,基隆市七堵區實踐路296號一樓
154,EAD-0971,台北市,基隆監理站,基隆市七堵區實踐路296號一樓
155,EAD-0973,台北市,基隆監理站,基隆市七堵區實踐路296號一樓
0,EAD-5021,台北市,台北市區監理所,臺北市八德路4段21號地下室
1,EAD-5023,台北市,台北市區監理所,臺北市八德路4段21號地下室
2,EAD-5027,台北市,台北市區監理所,臺北市八德路4段21號地下室
3,EAD-5031,台北市,台北市區監理所,臺北市八德路4段21號地下室
4,EAD-5032,台北市,台北市區監理所,臺北市八德路4段21號地下室
5,EAD-5035,台北市,台北市區監理所,臺北市八德路4段21號地下室
6,EAD-5037,台北市,台北市區監理所,臺北市八德路4段21號地下室
7,EAD-5039,台北市,台北市區監理所,臺北市八德路4段21號地下室
8,EAD-5052,台北市,台北市區監理所,臺北市八德路4段21號地下室
9,EAD-5059,台北市,台北市區監理所,臺北市八德路4段21號地下室
10,EAD-5061,台北市,台北市區監理所,臺北市八德路4段21號地下室
11,EAD-5062,台北市,台北市區監理所,臺北市八德路4段21號地下室
12,EAD-5067,台北市,台北市區監理所,臺北市八德路4段21號地下室
13,EAD-5071,台北市,台北市區監理所,臺北市八德路4段21號地下室
14,EAD-5072,台北市,台北市區監理所,臺北市八德路4段21號地下室
15,EAD-5073,台北市,台北市區監理所,臺北市八德路4段21號地下室
16,EAD-5075,台北市,台北市區監理所,臺北市八德路4段21號地下室
17,EAD-5079,台北市,台北市區監理所,臺北市八德路4段21號地下室
18,EAD-5081,台北市,台北市區監理所,臺北市八德路4段21號地下室
19,EAD-5087,台北市,台北市區監理所,臺北市八德路4段21號地下室
20,EAD-5091,台北市,台北市區監理所,臺北市八德路4段21號地下室
21,EAD-5092,台北市,台北市區監理所,臺北市八德路4段21號地下室
22,EAD-5093,台北市,台北市區監理所,臺北市八德路4段21號地下室
23,EAD-5095,台北市,台北市區監理所,臺北市八德路4段21號地下室
24,EAD-5096,台北市,台北市區監理所,臺北市八德路4段21號地下室
25,EAD-5103,台北市,台北市區監理所,臺北市八德路4段21號地下室
26,EAD-5106,台北市,台北市區監理所,臺北市八德路4段21號地下室
27,EAD-5112,台北市,台北市區監理所,臺北市八德路4段21號地下室
28,EAD-5126,台北市,台北市區監理所,臺北市八德路4段21號地下室
29,EAD-5127,台北市,台北市區監理所,臺北市八德路4段21號地下室
30,EAD-5129,台北市,台北市區監理所,臺北市八德路4段21號地下室
31,EAD-5132,台北市,台北市區監理所,臺北市八德路4段21號地下室
32,EAD-5135,台北市,台北市區監理所,臺北市八德路4段21號地下室
33,EAD-5136,台北市,台北市區監理所,臺北市八德路4段21號地下室
34,EAD-5153,台北市,台北市區監理所,臺北市八德路4段21號地下室
35,EAD-5160,台北市,台北市區監理所,臺北市八德路4段21號地下室
36,EAD-5162,台北市,台北市區監理所,臺北市八德路4段21號地下室
37,EAD-5163,台北市,台北市區監理所,臺北市八德路4段21號地下室
38,EAD-5165,台北市,台北市區監理所,臺北市八德路4段21號地下室
39,EAD-5167,台北市,台北市區監理所,臺北市八德路4段21號地下室
40,EAD-5170,台北市,台北市區監理所,臺北市八德路4段21號地下室
41,EAD-5172,台北市,台北市區監理所,臺北市八德路4段21號地下室
42,EAD-5173,台北市,台北市區監理所,臺北市八德路4段21號地下室
43,EAD-5175,台北市,台北市區監理所,臺北市八德路4段21號地下室
44,EAD-5176,台北市,台北市區監理所,臺北市八德路4段21號地下室
45,EAD-5179,台北市,台北市區監理所,臺北市八德路4段21號地下室
46,EAD-5181,台北市,台北市區監理所,臺北市八德路4段21號地下室
47,EAD-5183,台北市,台北市區監理所,臺北市八德路4段21號地下室
48,EAD-5187,台北市,台北市區監理所,臺北市八德路4段21號地下室
49,EAD-5190,台北市,台北市區監理所,臺北市八德路4段21號地下室
50,EAD-5192,台北市,台北市區監理所,臺北市八德路4段21號地下室
51,EAD-5193,台北市,台北市區監理所,臺北市八德路4段21號地下室
52,EAD-5195,台北市,台北市區監理所,臺北市八德路4段21號地下室
53,EAD-5197,台北市,台北市區監理所,臺北市八德路4段21號地下室
54,EAD-5202,台北市,台北市區監理所,臺北市八德路4段21號地下室
55,EAD-5203,台北市,台北市區監理所,臺北市八德路4段21號地下室
56,EAD-5205,台北市,台北市區監理所,臺北市八德路4段21號地下室
57,EAD-5212,台北市,台北市區監理所,臺北市八德路4段21號地下室
58,EAD-5216,台北市,台北市區監理所,臺北市八德路4段21號地下室
59,EAD-5219,台北市,台北市區監理所,臺北市八德路4段21號地下室
60,EAD-5221,台北市,台北市區監理所,臺北市八德路4段21號地下室
61,EAD-5223,台北市,台北市區監理所,臺北市八德路4段21號地下室
62,EAD-5226,台北市,台北市區監理所,臺北市八德路4段21號地下室
63,EAD-5229,台北市,台北市區監理所,臺北市八德路4段21號地下室
64,EAD-5231,台北市,台北市區監理所,臺北市八德路4段21號地下室
65,EAD-5232,台北市,台北市區監理所,臺北市八德路4段21號地下室
66,EAD-5235,台北市,台北市區監理所,臺北市八德路4段21號地下室
67,EAD-5236,台北市,台北市區監理所,臺北市八德路4段21號地下室
68,EAD-5237,台北市,台北市區監理所,臺北市八德路4段21號地下室
69,EAD-5239,台北市,台北市區監理所,臺北市八德路4段21號地下室
70,EAD-5251,台北市,台北市區監理所,臺北市八德路4段21號地下室
71,EAD-5253,台北市,台北市區監理所,臺北市八德路4段21號地下室
72,EAD-5256,台北市,台北市區監理所,臺北市八德路4段21號地下室
73,EAD-5259,台北市,台北市區監理所,臺北市八德路4段21號地下室
74,EAD-5261,台北市,台北市區監理所,臺北市八德路4段21號地下室
75,EAD-5262,台北市,台北市區監理所,臺北市八德路4段21號地下室
76,EAD-5263,台北市,台北市區監理所,臺北市八德路4段21號地下室
77,EAD-5265,台北市,台北市區監理所,臺北市八德路4段21號地下室
78,EAD-5267,台北市,台北市區監理所,臺北市八德路4段21號地下室
79,EAD-5269,台北市,台北市區監理所,臺北市八德路4段21號地下室
80,EAD-5270,台北市,台北市區監理所,臺北市八德路4段21號地下室
81,EAD-5271,台北市,台北市區監理所,臺北市八德路4段21號地下室
82,EAD-5272,台北市,台北市區監理所,臺北市八德路4段21號地下室
83,EAD-5273,台北市,台北市區監理所,臺北市八德路4段21號地下室
84,EAD-5276,台北市,台北市區監理所,臺北市八德路4段21號地下室
85,EAD-5278,台北市,台北市區監理所,臺北市八德路4段21號地下室
86,EAD-5279,台北市,台北市區監理所,臺北市八德路4段21號地下室
87,EAD-5281,台北市,台北市區監理所,臺北市八德路4段21號地下室
88,EAD-5282,台北市,台北市區監理所,臺北市八德路4段21號地下室
89,EAD-5283,台北市,台北市區監理所,臺北市八德路4段21號地下室
90,EAD-5285,台北市,台北市區監理所,臺北市八德路4段21號地下室
91,EAD-5286,台北市,台北市區監理所,臺北市八德路4段21號地下室
92,EAD-5287,台北市,台北市區監理所,臺北市八德路4段21號地下室
93,EAD-5290,台北市,台北市區監理所,臺北市八德路4段21號地下室
94,EAD-5291,台北市,台北市區監理所,臺北市八德路4段21號地下室
95,EAD-5292,台北市,台北市區監理所,臺北市八德路4段21號地下室
96,EAD-5293,台北市,台北市區監理所,臺北市八德路4段21號地下室
97,EAD-5295,台北市,台北市區監理所,臺北市八德路4段21號地下室
98,EAD-5296,台北市,台北市區監理所,臺北市八德路4段21號地下室
99,EAD-5297,台北市,台北市區監理所,臺北市八德路4段21號地下室
709,EAD-6507,高雄區,高雄區監理所,高雄市鳳山區武營路361號
710,EAD-6509,高雄區,高雄區監理所,高雄市鳳山區武營路361號
711,EAD-6510,高雄區,高雄區監理所,高雄市鳳山區武營路361號
712,EAD-6512,高雄區,高雄區監理所,高雄市鳳山區武營路361號
713,EAD-6521,高雄區,高雄區監理所,高雄市鳳山區武營路361號
714,EAD-6529,高雄區,高雄區監理所,高雄市鳳山區武營路361號
715,EAD-6532,高雄區,高雄區監理所,高雄市鳳山區武營路361號
716,EAD-6537,高雄區,高雄區監理所,高雄市鳳山區武營路361號
717,EAD-6552,高雄區,高雄區監理所,高雄市鳳山區武營路361號
718,EAD-6553,高雄區,高雄區監理所,高雄市鳳山區武營路361號
719,EAD-6563,高雄區,高雄區監理所,高雄市鳳山區武營路361號
720,EAD-6570,高雄區,高雄區監理所,高雄市鳳山區武營路361號
721,EAD-6573,高雄區,高雄區監理所,高雄市鳳山區武營路361號
722,EAD-6579,高雄區,高雄區監理所,高雄市鳳山區武營路361號
723,EAD-6581,高雄區,高雄區監理所,高雄市鳳山區武營路361號
724,EAD-6582,高雄區,高雄區監理所,高雄市鳳山區武營路361號
725,EAD-6583,高雄區,高雄區監理所,高雄市鳳山區武營路361號
726,EAD-6587,高雄區,高雄區監理所,高雄市鳳山區武營路361號
727,EAD-6590,高雄區,高雄區監理所,高雄市鳳山區武營路361號
728,EAD-6591,高雄區,高雄區監理所,高雄市鳳山區武營路361號
729,EAD-6596,高雄區,高雄區監理所,高雄市鳳山區武營路361號
730,EAD-6615,高雄區,高雄區監理所,高雄市鳳山區武營路361號
731,EAD-6621,高雄區,高雄區監理所,高雄市鳳山區武營路361號
732,EAD-6623,高雄區,高雄區監理所,高雄市鳳山區武營路361號
733,EAD-6629,高雄區,高雄區監理所,高雄市鳳山區武營路361號
734,EAD-6631,高雄區,高雄區監理所,高雄市鳳山區武營路361號
735,EAD-6632,高雄區,高雄區監理所,高雄市鳳山區武營路361號
736,EAD-6635,高雄區,高雄區監理所,高雄市鳳山區武營路361號
737,EAD-6637,高雄區,高雄區監理所,高雄市鳳山區武營路361號
738,EAD-6638,高雄區,高雄區監理所,高雄市鳳山區武營路361號
351,EAE-2026,新竹區,新竹市監理站,新竹市自由路10號
352,EAE-2027,新竹區,新竹市監理站,新竹市自由路10號
353,EAE-2031,新竹區,新竹市監理站,新竹市自由路10號
354,EAE-2036,新竹區,新竹市監理站,新竹市自由路10號
355,EAE-2037,新竹區,新竹市監理站,新竹市自由路10號
356,EAE-2051,新竹區,新竹市監理站,新竹市自由路10號
357,EAE-2052,新竹區,新竹市監理站,新竹市自由路10號
358,EAE-2053,新竹區,新竹市監理站,新竹市自由路10號
359,EAE-2059,新竹區,新竹市監理站,新竹市自由路10號
360,EAE-2062,新竹區,新竹市監理站,新竹市自由路10號
361,EAE-2063,新竹區,新竹市監理站,新竹市自由路10號
362,EAE-2065,新竹區,新竹市監理站,新竹市自由路10號
363,EAE-2071,新竹區,新竹市監理站,新竹市自由路10號
364,EAE-2072,新竹區,新竹市監理站,新竹市自由路10號
365,EAE-2073,新竹區,新竹市監理站,新竹市自由路10號
366,EAE-2075,新竹區,新竹市監理站,新竹市自由路10號
367,EAE-2078,新竹區,新竹市監理站,新竹市自由路10號
368,EAE-2079,新竹區,新竹市監理站,新竹市自由路10號
369,EAE-2082,新竹區,新竹市監理站,新竹市自由路10號
370,EAE-2083,新竹區,新竹市監理站,新竹市自由路10號
371,EAE-2091,新竹區,新竹市監理站,新竹市自由路10號
372,EAE-2092,新竹區,新竹市監理站,新竹市自由路10號
373,EAE-2093,新竹區,新竹市監理站,新竹市自由路10號
374,EAE-2095,新竹區,新竹市監理站,新竹市自由路10號
375,EAE-2096,新竹區,新竹市監理站,新竹市自由路10號
376,EAE-2097,新竹區,新竹市監理站,新竹市自由路10號
377,EAE-2102,新竹區,新竹市監理站,新竹市自由路10號
378,EAE-2103,新竹區,新竹市監理站,新竹市自由路10號
379,EAE-2106,新竹區,新竹市監理站,新竹市自由路10號
380,EAE-2107,新竹區,新竹市監理站,新竹市自由路10號
381,EAE-2108,新竹區,新竹市監理站,新竹市自由路10號
382,EAE-2109,新竹區,新竹市監理站,新竹市自由路10號
383,EAE-2120,新竹區,新竹市監理站,新竹市自由路10號
384,EAE-2125,新竹區,新竹市監理站,新竹市自由路10號
385,EAE-2127,新竹區,新竹市監理站,新竹市自由路10號
386,EAE-2129,新竹區,新竹市監理站,新竹市自由路10號
387,EAE-2130,新竹區,新竹市監理站,新竹市自由路10號
388,EAE-2131,新竹區,新竹市監理站,新竹市自由路10號
389,EAE-2132,新竹區,新竹市監理站,新竹市自由路10號
390,EAE-2135,新竹區,新竹市監理站,新竹市自由路10號
391,EAE-2136,新竹區,新竹市監理站,新竹市自由路10號
392,EAE-2137,新竹區,新竹市監理站,新竹市自由路10號
393,EAE-2139,新竹區,新竹市監理站,新竹市自由路10號
394,EAE-2150,新竹區,新竹市監理站,新竹市自由路10號
395,EAE-2151,新竹區,新竹市監理站,新竹市自由路10號
396,EAE-2153,新竹區,新竹市監理站,新竹市自由路10號
397,EAE-2156,新竹區,新竹市監理站,新竹市自由路10號
398,EAE-2157,新竹區,新竹市監理站,新竹市自由路10號
399,EAE-2159,新竹區,新竹市監理站,新竹市自由路10號
400,EAE-2160,新竹區,新竹市監理站,新竹市自由路10號
401,EAE-2161,新竹區,新竹市監理站,新竹市自由路10號
402,EAE-2162,新竹區,新竹市監理站,新竹市自由路10號
403,EAE-2165,新竹區,新竹市監理站,新竹市自由路10號
404,EAE-2167,新竹區,新竹市監理站,新竹市自由路10號
405,EAE-2169,新竹區,新竹市監理站,新竹市自由路10號
406,EAE-2170,新竹區,新竹市監理站,新竹市自由路10號
407,EAE-2171,新竹區,新竹市監理站,新竹市自由路10號
408,EAE-2172,新竹區,新竹市監理站,新竹市自由路10號
409,EAE-2173,新竹區,新竹市監理站,新竹市自由路10號
410,EAE-2175,新竹區,新竹市監理站,新竹市自由路10號
411,EAE-2179,新竹區,新竹市監理站,新竹市自由路10號
412,EAE-2180,新竹區,新竹市監理站,新竹市自由路10號
413,EAE-2181,新竹區,新竹市監理站,新竹市自由路10號
414,EAE-2182,新竹區,新竹市監理站,新竹市自由路10號
415,EAE-2183,新竹區,新竹市監理站,新竹市自由路10號
416,EAE-2185,新竹區,新竹市監理站,新竹市自由路10號
417,EAE-2186,新竹區,新竹市監理站,新竹市自由路10號
418,EAE-2187,新竹區,新竹市監理站,新竹市自由路10號
419,EAE-2190,新竹區,新竹市監理站,新竹市自由路10號
420,EAE-2191,新竹區,新竹市監理站,新竹市自由路10號
421,EAE-2192,新竹區,新竹市監理站,新竹市自由路10號
422,EAE-2193,新竹區,新竹市監理站,新竹市自由路10號
423,EAE-2195,新竹區,新竹市監理站,新竹市自由路10號
424,EAE-2197,新竹區,新竹市監理站,新竹市自由路10號
425,EAE-2753,新竹區,新竹市監理站,新竹市自由路10號
426,EAE-2761,新竹區,新竹市監理站,新竹市自由路10號
427,EAE-2763,新竹區,新竹市監理站,新竹市自由路10號
428,EAE-2773,新竹區,新竹市監理站,新竹市自由路10號
429,EAE-2792,新竹區,新竹市監理站,新竹市自由路10號
430,EAE-2807,新竹區,新竹市監理站,新竹市自由路10號
431,EAE-2853,新竹區,新竹市監理站,新竹市自由路10號
432,EAE-2861,新竹區,新竹市監理站,新竹市自由路10號
433,EAE-2871,新竹區,新竹市監理站,新竹市自由路10號
434,EAE-2873,新竹區,新竹市監理站,新竹市自由路10號
435,EAE-2901,新竹區,新竹市監理站,新竹市自由路10號
436,EAE-2902,新竹區,新竹市監理站,新竹市自由路10號
437,EAE-2905,新竹區,新竹市監理站,新竹市自由路10號
438,EAE-2906,新竹區,新竹市監理站,新竹市自由路10號
439,EAE-2907,新竹區,新竹市監理站,新竹市自由路10號
440,EAE-2915,新竹區,新竹市監理站,新竹市自由路10號
441,EAE-2921,新竹區,新竹市監理站,新竹市自由路10號
442,EAE-2932,新竹區,新竹市監理站,新竹市自由路10號
443,EAE-2935,新竹區,新竹市監理站,新竹市自由路10號
444,EAE-2937,新竹區,新竹市監理站,新竹市自由路10號
445,EAE-2950,新竹區,新竹市監理站,新竹市自由路10號
446,EAE-2951,新竹區,新竹市監理站,新竹市自由路10號
447,EAE-2952,新竹區,新竹市監理站,新竹市自由路10號
448,EAE-2953,新竹區,新竹市監理站,新竹市自由路10號
449,EAE-2961,新竹區,新竹市監理站,新竹市自由路10號
450,EAE-2963,新竹區,新竹市監理站,新竹市自由路10號
469,EAE-3051,新竹區,中壢監理站,桃園市中壢區延平路394號
470,EAE-3061,新竹區,中壢監理站,桃園市中壢區延平路394號
471,EAE-3062,新竹區,中壢監理站,桃園市中壢區延平路394號
472,EAE-3071,新竹區,中壢監理站,桃園市中壢區延平路394號
473,EAE-3073,新竹區,中壢監理站,桃園市中壢區延平路394號
474,EAE-3075,新竹區,中壢監理站,桃園市中壢區延平路394號
475,EAE-3081,新竹區,中壢監理站,桃園市中壢區延平路394號
476,EAE-3087,新竹區,中壢監理站,桃園市中壢區延平路394號
477,EAE-3091,新竹區,中壢監理站,桃園市中壢區延平路394號
478,EAE-3172,新竹區,中壢監理站,桃園市中壢區延平路394號
479,EAE-3173,新竹區,中壢監理站,桃園市中壢區延平路394號
480,EAE-3230,新竹區,中壢監理站,桃園市中壢區延平路394號
481,EAE-3251,新竹區,中壢監理站,桃園市中壢區延平路394號
482,EAE-3271,新竹區,中壢監理站,桃園市中壢區延平路394號
483,EAE-3273,新竹區,中壢監理站,桃園市中壢區延平路394號
484,EAE-3532,新竹區,苗栗監理站,苗栗縣苗栗市福麗里福麗98號
485,EAE-3537,新竹區,苗栗監理站,苗栗縣苗栗市福麗里福麗98號
486,EAE-3552,新竹區,苗栗監理站,苗栗縣苗栗市福麗里福麗98號
487,EAE-3559,新竹區,苗栗監理站,苗栗縣苗栗市福麗里福麗98號
488,EAE-3560,新竹區,苗栗監理站,苗栗縣苗栗市福麗里福麗98號
675,EAE-5021,嘉義區,麻豆監理站,臺南市麻豆區新生北路551號
676,EAE-5031,嘉義區,麻豆監理站,臺南市麻豆區新生北路551號
677,EAE-5032,嘉義區,麻豆監理站,臺南市麻豆區新生北路551號
678,EAE-5035,嘉義區,麻豆監理站,臺南市麻豆區新生北路551號
679,EAE-5036,嘉義區,麻豆監理站,臺南市麻豆區新生北路551號
680,EAE-5037,嘉義區,麻豆監理站,臺南市麻豆區新生北路551號
681,EAE-5061,嘉義區,麻豆監理站,臺南市麻豆區新生北路551號
682,EAE-5062,嘉義區,麻豆監理站,臺南市麻豆區新生北路551號
683,EAE-5063,嘉義區,麻豆監理站,臺南市麻豆區新生北路551號
684,EAE-5065,嘉義區,麻豆監理站,臺南市麻豆區新生北路551號
685,EAE-5071,嘉義區,麻豆監理站,臺南市麻豆區新生北路551號
686,EAE-5072,嘉義區,麻豆監理站,臺南市麻豆區新生北路551號
687,EAE-5073,嘉義區,麻豆監理站,臺南市麻豆區新生北路551號
688,EAE-5075,嘉義區,麻豆監理站,臺南市麻豆區新生北路551號
689,EAE-5076,嘉義區,麻豆監理站,臺南市麻豆區新生北路551號
690,EAE-5082,嘉義區,麻豆監理站,臺南市麻豆區新生北路551號
691,EAE-5083,嘉義區,麻豆監理站,臺南市麻豆區新生北路551號
692,EAE-5091,嘉義區,麻豆監理站,臺南市麻豆區新生北路551號
693,EAE-5092,嘉義區,麻豆監理站,臺南市麻豆區新生北路551號
694,EAE-5093,嘉義區,麻豆監理站,臺南市麻豆區新生北路551號
695,EAE-5095,嘉義區,麻豆監理站,臺南市麻豆區新生北路551號
696,EAE-5096,嘉義區,麻豆監理站,臺南市麻豆區新生北路551號
697,EAE-5097,嘉義區,麻豆監理站,臺南市麻豆區新生北路551號
698,EAE-5100,嘉義區,麻豆監理站,臺南市麻豆區新生北路551號
564,EAE-5701,嘉義區,雲林監理站,雲林縣斗六市雲林路二段411號
565,EAE-5702,嘉義區,雲林監理站,雲林縣斗六市雲林路二段411號
566,EAE-5703,嘉義區,雲林監理站,雲林縣斗六市雲林路二段411號
567,EAE-5705,嘉義區,雲林監理站,雲林縣斗六市雲林路二段411號
568,EAE-5706,嘉義區,雲林監理站,雲林縣斗六市雲林路二段411號
569,EAE-5709,嘉義區,雲林監理站,雲林縣斗六市雲林路二段411號
570,EAE-5710,嘉義區,雲林監理站,雲林縣斗六市雲林路二段411號
571,EAE-5712,嘉義區,雲林監理站,雲林縣斗六市雲林路二段411號
572,EAE-5713,嘉義區,雲林監理站,雲林縣斗六市雲林路二段411號
573,EAE-5715,嘉義區,雲林監理站,雲林縣斗六市雲林路二段411號
584,EAE-6103,嘉義區,台南監理站,臺南市東區崇德路1號
585,EAE-6105,嘉義區,台南監理站,臺南市東區崇德路1號
586,EAE-6107,嘉義區,台南監理站,臺南市東區崇德路1號
587,EAE-6113,嘉義區,台南監理站,臺南市東區崇德路1號
588,EAE-6125,嘉義區,台南監理站,臺南市東區崇德路1號
589,EAE-6130,嘉義區,台南監理站,臺南市東區崇德路1號
590,EAE-6132,嘉義區,台南監理站,臺南市東區崇德路1號
591,EAE-6137,嘉義區,台南監理站,臺南市東區崇德路1號
592,EAE-6150,嘉義區,台南監理站,臺南市東區崇德路1號
593,EAE-6151,嘉義區,台南監理站,臺南市東區崇德路1號
594,EAE-6152,嘉義區,台南監理站,臺南市東區崇德路1號
595,EAE-6153,嘉義區,台南監理站,臺南市東區崇德路1號
596,EAE-6159,嘉義區,台南監理站,臺南市東區崇德路1號
597,EAE-6171,嘉義區,台南監理站,臺南市東區崇德路1號
598,EAE-6172,嘉義區,台南監理站,臺南市東區崇德路1號
599,EAE-6178,嘉義區,台南監理站,臺南市東區崇德路1號
600,EAE-6182,嘉義區,台南監理站,臺南市東區崇德路1號
601,EAE-6187,嘉義區,台南監理站,臺南市東區崇德路1號
602,EAE-6190,嘉義區,台南監理站,臺南市東區崇德路1號
603,EAE-6192,嘉義區,台南監理站,臺南市東區崇德路1號
604,EAE-6193,嘉義區,台南監理站,臺南市東區崇德路1號
605,EAE-6195,嘉義區,台南監理站,臺南市東區崇德路1號
606,EAE-6196,嘉義區,台南監理站,臺南市東區崇德路1號
607,EAE-6197,嘉義區,台南監理站,臺南市東區崇德路1號
608,EAE-6201,嘉義區,台南監理站,臺南市東區崇德路1號
609,EAE-6203,嘉義區,台南監理站,臺南市東區崇德路1號
610,EAE-6207,嘉義區,台南監理站,臺南市東區崇德路1號
611,EAE-6208,嘉義區,台南監理站,臺南市東區崇德路1號
612,EAE-6209,嘉義區,台南監理站,臺南市東區崇德路1號
613,EAE-6210,嘉義區,台南監理站,臺南市東區崇德路1號
614,EAE-6211,嘉義區,台南監理站,臺南市東區崇德路1號
615,EAE-6212,嘉義區,台南監理站,臺南市東區崇德路1號
616,EAE-6213,嘉義區,台南監理站,臺南市東區崇德路1號
617,EAE-6215,嘉義區,台南監理站,臺南市東區崇德路1號
618,EAE-6216,嘉義區,台南監理站,臺南市東區崇德路1號
619,EAE-6217,嘉義區,台南監理站,臺南市東區崇德路1號
620,EAE-6218,嘉義區,台南監理站,臺南市東區崇德路1號
621,EAE-6221,嘉義區,台南監理站,臺南市東區崇德路1號
622,EAE-6223,嘉義區,台南監理站,臺南市東區崇德路1號
623,EAE-6225,嘉義區,台南監理站,臺南市東區崇德路1號
624,EAE-6227,嘉義區,台南監理站,臺南市東區崇德路1號
625,EAE-6228,嘉義區,台南監理站,臺南市東區崇德路1號
626,EAE-6229,嘉義區,台南監理站,臺南市東區崇德路1號
627,EAE-6230,嘉義區,台南監理站,臺南市東區崇德路1號
628,EAE-6231,嘉義區,台南監理站,臺南市東區崇德路1號
629,EAE-6232,嘉義區,台南監理站,臺南市東區崇德路1號
630,EAE-6233,嘉義區,台南監理站,臺南市東區崇德路1號
631,EAE-6235,嘉義區,台南監理站,臺南市東區崇德路1號
632,EAE-6236,嘉義區,台南監理站,臺南市東區崇德路1號
633,EAE-6237,嘉義區,台南監理站,臺南市東區崇德路1號
179,EAE-7531,高雄市,高雄市區監理所,高雄市楠梓區德民路71號
180,EAE-7532,高雄市,高雄市區監理所,高雄市楠梓區德民路71號
181,EAE-7537,高雄市,高雄市區監理所,高雄市楠梓區德民路71號
182,EAE-7539,高雄市,高雄市區監理所,高雄市楠梓區德民路71號
183,EAE-7560,高雄市,高雄市區監理所,高雄市楠梓區德民路71號
184,EAE-7561,高雄市,高雄市區監理所,高雄市楠梓區德民路71號
185,EAE-7562,高雄市,高雄市區監理所,高雄市楠梓區德民路71號
186,EAE-7563,高雄市,高雄市區監理所,高雄市楠梓區德民路71號
187,EAE-7571,高雄市,高雄市區監理所,高雄市楠梓區德民路71號
188,EAE-7573,高雄市,高雄市區監理所,高雄市楠梓區德民路71號
189,EAE-7582,高雄市,高雄市區監理所,高雄市楠梓區德民路71號
190,EAE-7590,高雄市,高雄市區監理所,高雄市楠梓區德民路71號
191,EAE-7592,高雄市,高雄市區監理所,高雄市楠梓區德民路71號
192,EAE-7593,高雄市,高雄市區監理所,高雄市楠梓區德民路71號
193,EAE-7605,高雄市,高雄市區監理所,高雄市楠梓區德民路71號
194,EAE-7607,高雄市,高雄市區監理所,高雄市楠梓區德民路71號
195,EAE-7610,高雄市,高雄市區監理所,高雄市楠梓區德民路71號
196,EAE-7612,高雄市,高雄市區監理所,高雄市楠梓區德民路71號
197,EAE-7615,高雄市,高雄市區監理所,高雄市楠梓區德民路71號
198,EAE-7616,高雄市,高雄市區監理所,高雄市楠梓區德民路71號
199,EAE-7617,高雄市,高雄市區監理所,高雄市楠梓區德民路71號
200,EAE-7618,高雄市,高雄市區監理所,高雄市楠梓區德民路71號
201,EAE-7619,高雄市,高雄市區監理所,高雄市楠梓區德民路71號
202,EAE-7620,高雄市,高雄市區監理所,高雄市楠梓區德民路71號
203,EAE-7621,高雄市,高雄市區監理所,高雄市楠梓區德民路71號
204,EAE-7622,高雄市,高雄市區監理所,高雄市楠梓區德民路71號
205,EAE-7623,高雄市,高雄市區監理所,高雄市楠梓區德民路71號
206,EAE-7625,高雄市,高雄市區監理所,高雄市楠梓區德民路71號
207,EAE-7626,高雄市,高雄市區監理所,高雄市楠梓區德民路71號
208,EAE-7627,高雄市,高雄市區監理所,高雄市楠梓區德民路71號
